aws-cdk,429
objc,375
opentelemetry,374
rest-framework,315
tencentcloud,215
mpl-toolkits,117
opengl,103
openstack,102
git,91
android,62
ruamel,53
openssl,45
pyobjctools,40
dbus,33
solcx,29
win32com,27
avfoundation,26
speech-recognition,23
antlr4,23
win32con,22
rospy,22
win32api,21
sphinxcontrib,21
rpi,20
applitools,20
urllib2,19
corefoundation,19
paho,18
cairo,17
opensearchpy,16
geventwebsocket,16
debug-toolbar,16
allure,16
appium,15
markdown-it,14
hcl2,14
skfuzzy,13
busio,13
openslide,12
braket,12
vlc,11
smb,11
kiota-abstractions,11
smart-selects,10
roslib,10
rosbag,10
repoze,10
openlineage,10
oneagent,10
lusid,10
hive-metastore,10
gremlin-python,10
winrm,9
vcr,9
sklearnex,9
odf,9
novaclient,9
datadog-checks,9
cinderclient,9
arvados,9
rest-framework-jwt,8
pycrfsuite,8
metalkit,8
jupyter-lab,8
gdb,8
digitalio,8
allauth,8
usernotifications,7
svg,7
smbclient,7
shapefile,7
libvirt,7
corebluetooth,7
tensorflow-serving,6
swagger-schema-validator,6
skia,6
mlinterpret,6
libcloud,6
kiota-http,6
dkim,6
debian,6
colcon,6
browsermobproxy,6
zapv2,5
xmltidy,5
win32process,5
webvtt,5
weaviate,5
usr,5
user,5
tidylib,5
tcology,5
systemrdl,5
subrip,5
stdnum,5
sqlqueryengine,5
skmultilearn,5
simics-6-api,5
simdjson,5
samtranslator,5
rapidjson,5
pyximport,5
pybullet-data,5
nuscenes,5
naturallanguage,5
nacos,5
mainpack,5
luco,5
linebot,5
limat,5
hamcrest,5
flask-idempotency,5
engineio,5
cudnn,5
collada,5
awsglue,5
aws-retry,5
aspose,5
aliyunsdkrds,5
adobe,5
addresses,5
